<application>
  <component name="FindSettings">
    <option name="customScope" value="All Places" />
    <option name="defaultScopeName" value="All Places" />
    <option name="SEARCH_SCOPE" value="All Places" />
    <mask>*.properties</mask>
    <mask>*.html</mask>
    <mask>*.jsp</mask>
    <mask>*.js</mask>
    <mask>*.as</mask>
    <mask>*.css</mask>
    <mask>*.mxml</mask>
    <mask>uk-gov-london-1*.*</mask>
    <mask>*.yaml</mask>
    <mask>*IT.java</mask>
    <mask>*.java</mask>
    <mask>*Test.java</mask>
    <mask>*.conf</mask>
    <mask>*.xml</mask>
  </component>
</application>