<keymap version="1" name="Mac OS + Mac Eclipse custom" parent="Mac OS X 10.5+">
  <action id="BaseOnThisFunction" />
  <action id="FindInPath">
    <keyboard-shortcut first-keystroke="ctrl h" />
  </action>
  <action id="ShowFilePath">
    <keyboard-shortcut first-keystroke="meta alt f12" />
    <keyboard-shortcut first-keystroke="shift meta p" />
  </action>
  <action id="TypeHierarchy" />
  <action id="TypeHierarchy.BaseOnThisType" />
  <action id="TypeHierarchyBase.BaseOnThisType" />
</keymap>